Job List,DVFS mode,Exec. Time (us),Cumulative Exec. Time (us),Energy (J)
"[1, 0, 0, 0, 0]",[],3564.928,3564.928,0.0009478191000000098
"[1, 0, 0, 0, 0]",[],3564.928,3564.928,0.0009478191000000097
"[1, 0, 0, 0, 0]",[],3564.928,3564.928,0.0009478191000000098
"[1, 0, 0, 0, 0]",[],3564.928,3564.928,0.0009478191000000097
